{
    "stat": {
        "peak_mem_kb": 218912,
        "ru_self_cgstart": {
            "ru_utime_sec": 0.102441,
            "ru_minflt": 9331,
            "ru_stime_sec": 0.017415,
            "ru_majflt": 265,
            "ru_maxrss_kb": 108760,
            "ru_nvcsw": 199,
            "ru_nivcsw": 2
        },
        "ru_childs_cgstart": {
            "ru_utime_sec": 0.018652999999999999,
            "ru_minflt": 3563,
            "ru_stime_sec": 0.00131,
            "ru_majflt": 34,
            "ru_maxrss_kb": 108760,
            "ru_nvcsw": 713,
            "ru_nivcsw": 0
        },
        "cpu_cycles_cgstart": 996223340535989,
        "nMops": 8100,
        "nQuads": 3063,
        "cpu_cycles_total": 1184802625,
        "ru_self_end": {
            "ru_utime_sec": 0.135161,
            "ru_minflt": 10750,
            "ru_stime_sec": 0.025928,
            "ru_majflt": 345,
            "ru_maxrss_kb": 117788,
            "ru_nvcsw": 245,
            "ru_nivcsw": 5
        },
        "totalObjSize": 403406,
        "ru_childs_end": {
            "ru_utime_sec": 0.018652999999999999,
            "ru_minflt": 3563,
            "ru_stime_sec": 0.00131,
            "ru_majflt": 34,
            "ru_maxrss_kb": 108760,
            "ru_nvcsw": 713,
            "ru_nivcsw": 0
        },
        "quadSpeed": 93612.46943765282,
        "outputSizePerQuad": 131.70290564805745,
        "cpu_cycles_end": 996223512071646,
        "mopSpeed": 247555.0122249389,
        "mop/quad": 2.6444662095984328,
        "Frontend(%)": 78.72755405879829,
        "CodeGen(%)": 21.27244594120171,
        "realTime": 0.40568995475769043
    },
    "cycles_program_begin": 996222327269021,
    "CurCompileUdps": {},
    "perf": [
        {
            "stat": [
                "main",
                "entry",
                0.010139942169189453,
                0.018679999999999999,
                0.011207999999999999,
                200620,
                200620,
                0.0,
                0.0,
                1782298983.4971189,
                996222327457291
            ],
            "sub": [
                {
                    "stat": [
                        "doParsingAndDesignResolution",
                        "entry",
                        0.13156604766845703,
                        0.022922999999999999,
                        0.013753,
                        201252,
                        202052,
                        0.0,
                        0.0,
                        1782298983.6185451,
                        996222691102370
                    ],
                    "sub": []
                },
                {
                    "stat": [
                        "doParsingAndDesignResolution",
                        "exit",
                        0.16492700576782227,
                        0.047604,
                        0.014281,
                        203880,
                        204528,
                        0.0,
                        0.0,
                        1782298983.651906,
                        996222791070286
                    ],
                    "sub": []
                },
                {
                    "stat": [
                        "doPostDesignResolutionToVir2Vcs",
                        "entry",
                        0.16822504997253418,
                        0.048135999999999998,
                        0.01444,
                        204072,
                        204528,
                        0.0015089999999999999,
                        0.0,
                        1782298983.6552041,
                        996222800903674
                    ],
                    "sub": [
                        {
                            "stat": [
                                "doUptoVir2VcsNoSepCleanup",
                                "entry",
                                0.18950510025024414,
                                0.060637000000000003,
                                0.01444,
                                205536,
                                205536,
                                0.0015089999999999999,
                                0.0,
                                1782298983.6764841,
                                996222864653463
                            ],
                            "sub": []
                        },
                        {
                            "stat": [
                                "doUptoVir2VcsNoSepCleanup",
                                "exit",
                                0.25818300247192383,
                                0.095704999999999998,
                                0.017401,
                                206576,
                                218912,
                                0.0015089999999999999,
                                0.0,
                                1782298983.745162,
                                996223070358183
                            ],
                            "sub": []
                        },
                        {
                            "stat": [
                                "doRadify_vir2vcsAll",
                                "entry",
                                0.25827908515930176,
                                0.095786999999999997,
                                0.017415,
                                206576,
                                218912,
                                0.0015089999999999999,
                                0.0,
                                1782298983.7452581,
                                996223070593875
                            ],
                            "sub": []
                        },
                        {
                            "stat": [
                                "doRadify_vir2vcsAll",
                                "exit",
                                0.26649093627929688,
                                0.10093299999999999,
                                0.017415,
                                208692,
                                218912,
                                0.0015089999999999999,
                                0.0,
                                1782298983.7534699,
                                996223095243596
                            ],
                            "sub": []
                        }
                    ]
                },
                {
                    "stat": [
                        "doPostDesignResolutionToVir2Vcs",
                        "exit",
                        0.26652097702026367,
                        0.100964,
                        0.017415,
                        208692,
                        218912,
                        0.0015089999999999999,
                        0.0,
                        1782298983.7535,
                        996223095269600
                    ],
                    "sub": []
                },
                {
                    "stat": [
                        "doGAToPass2",
                        "entry",
                        0.26652693748474121,
                        0.10097100000000001,
                        0.017415,
                        208692,
                        218912,
                        0.0015089999999999999,
                        0.0,
                        1782298983.7535059,
                        996223095284478
                    ],