{
    "cycles_program_begin": 997410131764025,
    "CurCompileModules": [
        "...MASTER...",
        "std",
        "tb_fec_encoder",
        "tb_fec_encoder",
        "SnpsSVA_classes"
    ],
    "PEModules": [],
    "cpu_cycles_pass2_start": 997411479545365,
    "perf": [
        {
            "stat": [
                "main",
                "entry",
                0.012073040008544922,
                0.021770999999999999,
                0.040530999999999998,
                200620,
                200620,
                0.0,
                0.0,
                1782299380.069042,
                997410131954743
            ],
            "sub": [
                {
                    "stat": [
                        "doParsingAndDesignResolution",
                        "entry",
                        0.16641712188720703,
                        0.023338999999999999,
                        0.046346999999999999,
                        201252,
                        202052,
                        0.0,
                        0.0,
                        1782299380.223386,
                        997410594212914
                    ],
                    "sub": []
                },
                {
                    "stat": [
                        "doParsingAndDesignResolution",
                        "exit",
                        0.20307707786560059,
                        0.045921999999999998,
                        0.050514000000000003,
                        203876,
                        204524,
                        0.0,
                        0.0,
                        1782299380.260046,
                        997410704072009
                    ],
                    "sub": []
                },
                {
                    "stat": [
                        "doPostDesignResolutionToVir2Vcs",
                        "entry",
                        0.2066349983215332,
                        0.046150999999999998,
                        0.050765999999999999,
                        204068,
                        204524,
                        0.0012459999999999999,
                        0.0,
                        1782299380.2636039,
                        997410714672557
                    ],
                    "sub": [
                        {
                            "stat": [
                                "doUptoVir2VcsNoSepCleanup",
                                "entry",
                                0.22635602951049805,
                                0.058769000000000002,
                                0.050765999999999999,
                                205560,
                                205560,
                                0.0012459999999999999,
                                0.0,
                                1782299380.283325,
                                997410773841092
                            ],
                            "sub": []
                        },
                        {
                            "stat": [
                                "doUptoVir2VcsNoSepCleanup",
                                "exit",
                                0.28810906410217285,
                                0.091688000000000006,
                                0.05672,
                                206488,
                                218824,
                                0.0012459999999999999,
                                0.0,
                                1782299380.345078,
                                997410958740467
                            ],
                            "sub": []
                        },
                        {
                            "stat": [
                                "doRadify_vir2vcsAll",
                                "entry",
                                0.28816318511962891,
                                0.091742000000000004,
                                0.05672,
                                206488,
                                218824,
                                0.0012459999999999999,
                                0.0,
                                1782299380.3451321,
                                997410958808701
                            ],
                            "sub": []
                        },
                        {
                            "stat": [
                                "doRadify_vir2vcsAll",
                                "exit",
                                0.29620099067687988,
                                0.097750000000000004,
                                0.057020000000000001,
                                208876,
                                218824,
                                0.0012459999999999999,
                                0.0,
                                1782299380.3531699,
                                997410982982297
                            ],
                            "sub": []
                        }
                    ]
                },
                {
                    "stat": [
                        "doPostDesignResolutionToVir2Vcs",
                        "exit",
                        0.29624414443969727,
                        0.097777000000000003,
                        0.057036999999999997,
                        208876,
                        218824,
                        0.0012459999999999999,
                        0.0,
                        1782299380.3532131,
                        997410983011917
                    ],
                    "sub": []
                },
                {
                    "stat": [
                        "doGAToPass2",
                        "entry",
                        0.29625105857849121,
                        0.097781999999999994,
                        0.057038999999999999,
                        208876,
                        218824,
                        0.0012459999999999999,
                        0.0,
                        1782299380.35322,
                        997410983027723
                    ],
                    "sub": [
                        {
                            "stat": [
                                "DoPass2",
                                "entry",
                                0.46198010444641113,
                                0.098652000000000004,
                                0.057547000000000001,
                                207320,
                                218824,
                                0.015074000000000001,
                                0.020301,
                                1782299380.518949,
                                997411479494069
                            ],
                            "sub": []
                        },
                        {
                            "stat": [
                                "DoPass2",
                                "exit",
                                0.49932217597961426,
                                0.119703,
                                0.061135000000000002,
                                210876,
                                218824,
                                0.015074000000000001,
                                0.020301,
                                1782299380.5562911,
                                997411591366136
                            ],