{
    "Modules": {
        "...MASTER...": {
            "nMops": 0,
            "child_modules": {
                "std": 1,
                "tb_fec_encoder": 1,
                "SnpsSVA_classes": 1
            },
            "start_perf": [
                0.34895491600036621,
                0.102504,
                0.017415,
                207136,
                218912,
                1782298983.8359339,
                996223342203358
            ],
            "nQuads": 0,
            "end_perf": [
                0.35778999328613281,
                0.104641,
                0.017440000000000001,
                208892,
                218912,
                996223368671662,
                0,
                0
            ],
            "nRouts": 5
        },
        "std": {
            "nMops": 935,
            "start_perf": [
                0.35783696174621582,
                0.104681,
                0.017446,
                208892,
                218912,
                1782298983.844816,
                996223368778658
            ],
            "child_modules": {},
            "Compiled": "Yes",
            "Compiled Times": 1,
            "end_perf": [
                0.36959099769592285,
                0.108013,
                0.021602,
                212676,
                218912,
                996223404035906,
                8589934594,
                0
            ],
            "nQuads": 426,
            "svclass": [
                "$vcs_nba_dyn_obj",
                385,
                37,
                2,
                2,
                0,
                "sigprop$$",
                385,
                37,
                2,
                2,
                0,
                "process",
                1645,
                184,
                8,
                8,
                0,
                "event",
                462,
                36,
                2,
                2,
                0,
                "mailbox",
                912,
                107,
                9,
                9,
                0,
                "$DeferredAssertionAction",
                693,
                49,
                2,
                2,
                0,
                "$DeferredAssertion",
                637,
                47,
                2,
                2,
                0,
                "$DeferredMultiMatch",
                637,
                47,
                2,
                2,
                0,
                "$DeferredNoMatch",
                585,
                45,
                2,
                2,
                0,
                "$DefAssert",
                430,
                44,
                3,
                3,
                0,
                "semaphore",
                672,
                71,
                5,
                5,
                0
            ],
            "nRouts": 51
        },
        "tb_fec_encoder": {
            "nMops": 2384,
            "child_modules": {},
            "start_perf": [
                0.36962699890136719,
                0.108043,
                0.021607999999999999,
                212676,
                218912,
                1782298983.856606,
                996223404093126
            ],
            "Compiled": "Yes",
            "Compiled Times": 1,
            "nQuads": 1025,
            "end_perf": [
                0.38391995429992676,
                0.118631,
                0.021968000000000001,
                213188,
                218912,
                996223446962449,
                17179869185,
                0
            ],
            "nRouts": 99
        },
        "SnpsSVA_classes": {
            "nMops": 4781,
            "start_perf": [
                0.38395190238952637,
                0.118658,
                0.021972999999999999,
                213188,
                218912,
                1782298983.8709309,
                996223447003463
            ],
            "child_modules": {},
            "Compiled": "Yes",
            "Compiled Times": 1,
            "end_perf": [
                0.4018409252166748,
                0.13280700000000001,
                0.025704000000000001,
                213760,
                218912,
                996223500662733,
                21474836481,
                0
            ],
            "nQuads": 1612,