{
    "Modules": {
        "std": {
            "start_perf": [
                0.4697110652923584,
                0.100106,
                0.058395000000000002,
                208096,
                218824,
                1782299380.52668,
                997411502590327
            ],
            "nQuads": 426,
            "child_modules": {},
            "nMops": 935,
            "end_perf": [
                0.47557401657104492,
                0.10108200000000001,
                0.060649000000000002,
                208480,
                218824,
                997411520191577,
                8589934594,
                0
            ],
            "Compiled": "Yes",
            "Compiled Times": 2,
            "svclass": [
                "$vcs_nba_dyn_obj",
                0,
                37,
                2,
                2,
                0,
                "sigprop$$",
                0,
                37,
                2,
                2,
                0,
                "process",
                0,
                184,
                8,
                8,
                0,
                "event",
                0,
                36,
                2,
                2,
                0,
                "mailbox",
                0,
                107,
                9,
                9,
                0,
                "$DeferredAssertionAction",
                0,
                49,
                2,
                2,
                0,
                "$DeferredAssertion",
                0,
                47,
                2,
                2,
                0,
                "$DeferredMultiMatch",
                0,
                47,
                2,
                2,
                0,
                "$DeferredNoMatch",
                0,
                45,
                2,
                2,
                0,
                "$DefAssert",
                0,
                44,
                3,
                3,
                0,
                "semaphore",
                0,
                71,
                5,
                5,
                0
            ],
            "nRouts": 51
        },
        "...MASTER...": {
            "nQuads": 0,
            "start_perf": [
                0.46240615844726562,
                0.098738999999999993,
                0.057598000000000003,
                207320,
                218824,
                1782299380.5193751,
                997411480726987
            ],
            "nMops": 0,
            "child_modules": {
                "std": 1,
                "tb_fec_encoder": 1,
                "SnpsSVA_classes": 1
            },
            "end_perf": [
                0.46960902214050293,
                0.100041,
                0.058356999999999999,
                208096,
                218824,
                997411502341365,
                0,
                0
            ],
            "nRouts": 5
        },
        "tb_fec_encoder": {
            "nQuads": 1041,
            "start_perf": [
                0.47560906410217285,
                0.101104,
                0.060662000000000001,
                208480,
                218824,
                1782299380.532578,
                997411520240399
            ],
            "nMops": 2411,
            "child_modules": {},
            "end_perf": [
                0.4920051097869873,
                0.113248,
                0.060668,
                211260,
                218824,
                997411569414105,
                17179869185,
                0
            ],
            "Compiled": "Yes",
            "Compiled Times": 2,
            "nRouts": 88
        },
        "SnpsSVA_classes": {
            "start_perf": [
                0.49204111099243164,
                0.113271,
                0.060680999999999999,
                211260,
                218824,
                1782299380.54901,
                997411569535953
            ],
            "nQuads": 1612,
            "child_modules": {},
            "nMops": 4781,
            "end_perf": [
                0.49741816520690918,
                0.11819399999999999,
                0.061135000000000002,
                211260,
                218824,
                997411585686021,
                21474836481,
                0
            ],
            "Compiled": "Yes",
            "Compiled Times": 2,